title,url,expireDay,deadline,type,imageUrl,projectDesc,budget,skills
طراحی و تولید محتوا بروشور,https://www.karlancer.com/projects/21452,۲۹ روز مانده,زمان پیشنهادی ۳ روز,پروژه,https://nazarkade.com/wp-content/uploads/shortlink_logos/karlancer-site-500x500.webp,طراحی و تولید محتوا بروشور جهت معرفی شرکت و خدمات آن برای نمایشگاه,"۵۰۰,۰۰۰ تومان","[""طراحی بروشور"",""طراحی کاتالوگ و بروشور"",""بروشور و کاتالوگ"",""بروشور"",""کاتالوگ و بروشور"",""فتوشاپ"",""ست اداری وکاتالوگ وبروشور"",""ادوبی ایلوستریتور"",""ایلاستریتور"",""ایلوستریتور""]"
ساخت فایل لایه باز (psd) برای وریفای اکانت,https://www.karlancer.com/projects/21451,۲۹ روز مانده,زمان پیشنهادی ۱۰ روز,پروژه,https://nazarkade.com/wp-content/uploads/shortlink_logos/karlancer-site-500x500.webp,"جهت وریفای اکانت در برخی سایت های خارجی مانند لینکدین، نیاز داریم به یک فایل فتوشاپ لایه باز (psd) که بتونیم اطلاعات شو ادیت کنیم
اگه در فتوشاپ کاملا حرفه ای هستید پیشنهاد بزنید. اطلاعات تکمیلی رو تو چت براتون ارسال میکنیم","۸۰۰,۰۰۰ تومان","[""طراحی گرافیک"",""فتوشاپ"",""photoshop"",""طراحی کارت ویزیت"",""ادیت عکس"",""فتوشاپ کار"",""ادیتور فیلم و عکس"",""ادوبی فتوشاپ""]"
طراحی ترمینال,https://www.karlancer.com/projects/21450,۲۹ روز مانده,زمان پیشنهادی ۶ روز,پروژه,https://nazarkade.com/wp-content/uploads/shortlink_logos/karlancer-site-500x500.webp,من یک پروژه کامل ترمینال دارم با مدارک کامل اما در سایت پلان مورد نظرم قرار ندارد من میخوام بنای من جوری در سایت پلان قرار گیرد که انگار برای اون طراحی شده و یکسری چیزها به سایت پلان جدید اضافه شود  همچنین پلان ها  اندازه مناسب ان سایت پلان را داشته باشند و با مقیاس ۱به ۲۰۰ و ۱ نما و ۱ مقطع با این ابعاد تمامی مدارک موجود است.و از انجایی که فونت من نمیخونه میخوام یه عکس ساده از پلان برای ریز فضا ها داشته باشم که چه اتاق هایی در ان قرار داره,"۲۰۰,۰۰۰ تومان","[""اتوکد 2 بعدی"",""اتوکد کار"",""معماری"",""طراحی پلان"",""اتوکد"",""نقشه کشی اتوکد"",""معماری داخلی"",""طراحی سه بعدی"",""مدل سازی سه بعدی"",""سه بعدی""]"
تبدیل یه اندیکاتور از زبان پان اسکریپت به متا تریدر5,https://www.karlancer.com/projects/21448,۲۹ روز مانده,زمان پیشنهادی ۷ روز,پروژه,https://nazarkade.com/wp-content/uploads/shortlink_logos/karlancer-site-500x500.webp,تبدیل یه اندیکاتور پان اسکریپت تریدینگ ویو به استراتژی و تبدیل آن به متا تریدر4و5,"۵,۰۰۰,۰۰۰ تومان","[""اندیکاتور"",""متاتریدر"",""ترید"",""تریدر"",""mql4"",""mql5"",""mql"",""برنامه نویسی""]"
با ۱۰۰۰ کلمه جمله بسازید- پروژه سوم,https://www.karlancer.com/projects/21447,۲۹ روز مانده,زمان پیشنهادی ۳ روز,پروژه,https://nazarkade.com/wp-content/uploads/shortlink_logos/karlancer-site-500x500.webp,"در این پروژه به فریلنسر آقا نیاز داریم. 

یک پروژه راحت که به دقت و حوصله نیاز دارد.
ازتون میخوام یک اپلیکیشن دانلود کنید و در ان با ۱۰۰۰ کلمه جمله بسازید و صدای خودتان را اپلود کنید .
برای این کار به اینترنت با سرعت خوب ، هندزفری یا میکروفن و گوشی موبایل یا تبلت نیاز دارید. 
برای کار بابرنامه به سطح زبان مبتدی تا متوسط نیاز دارین.
برای توضیح بیشتر و نحوه کار با اپلیکیشن براتون ۱ فایل ورد اپلود کردم حتما مطالعه کنید .
پروژه سوم","۴۰۰,۰۰۰ تومان","[""تولید محتوا"",""محتوا نویسی"",""محتوا"",""نویسندگی محتوا"",""تولید محتوای وبسایت"",""تولیدمحتوا"",""تولید محتوای وبلاگ"",""دوبله"",""دوبله و گویندگی""]"
طراحی و تولید محتوا کاتالوگ تبلیغاتی,https://www.karlancer.com/projects/21446,۲۹ روز مانده,زمان پیشنهادی ۳ روز,پروژه,https://nazarkade.com/wp-content/uploads/shortlink_logos/karlancer-site-500x500.webp,,,[]
کشیدن خط ترند با استفاده از دیتا در dataframe,https://www.karlancer.com/projects/21445,۲۹ روز مانده,زمان پیشنهادی ۱۵ روز,پروژه,https://nazarkade.com/wp-content/uploads/shortlink_logos/karlancer-site-500x500.webp,,,[]
طراحی کاتولوگ به همراه محتوا,https://www.karlancer.com/projects/21444,۲۹ روز مانده,زمان پیشنهادی ۳ روز,پروژه,https://nazarkade.com/wp-content/uploads/shortlink_logos/karlancer-site-500x500.webp,,,[]
جذب نیروی خانم آشنا به تولید محتوا,https://www.karlancer.com/projects/21443,۲۹ روز مانده,زمان پیشنهادی ۵ روز,پروژه,https://nazarkade.com/wp-content/uploads/shortlink_logos/karlancer-site-500x500.webp,,,[]
نگارش و ویراستاری کتاب ۵۰ صفحه ای,https://www.karlancer.com/projects/21441,۲۹ روز مانده,زمان پیشنهادی ۱۰ روز,پروژه,https://nazarkade.com/wp-content/uploads/shortlink_logos/karlancer-site-500x500.webp,یه پروژه مشترک بین من و یکی از رفیقام میخوایم یک کتاب ۵۰ صفحه ای را برامون ویرایش و نگارش کنید,"۵۰۰,۰۰۰ تومان","[""نگارش و ویرایش متن"",""نگارش"",""ویرایش متن"",""ویراستاری"",""ویراستاری متن فارسی"",""صفحه‌ آرایی"",""صفحه آرایی مجله و کتاب"",""صفحه آرائی""]"
افزونه وردپرسی کپی محصولات یک فروشگاه,https://www.karlancer.com/projects/21440,۲۹ روز مانده,زمان پیشنهادی ۲۰ روز,پروژه,https://nazarkade.com/wp-content/uploads/shortlink_logos/karlancer-site-500x500.webp,"سلام. 
من به دنبال شخصی هستم که بتونه یک افزونه وردپرسی برام بنویسه که محصولات سایت فروشگاهی خارجی رو کپی کنه و بیاره توی وب سایت من، قیمت اون رو تبدیل به تومان کنه تا کاربر بتونه پرداختش رو در درگاه های داخلی انجام بده.
به یک ترنسلتور هم نیاز هست تا بتونه جزییات محصول رو به فارسی ترجمه کنه.
اگه می تونین انجامش بدین، خوشحال میشم تا یه گپی با هم بزنیم.","۵,۰۰۰,۰۰۰ تومان","[""php"",""افزونه"",""وردپرس"",""وردپرس کار"",""وردپرس wordpress"",""برنامه نویسی"",""برنامه نویسی وب"",""سایت وردپرس"",""پی اچ پی""]"
کراول کردن یک کوییز انگلیسی,https://www.karlancer.com/projects/21438,۲۹ روز مانده,زمان پیشنهادی ۳ روز,پروژه,https://nazarkade.com/wp-content/uploads/shortlink_logos/karlancer-site-500x500.webp,"با سلام
ما می‌خواهیم تمام حالات موجود در کوییز زیر را کراول کنیم:
https://www.opinionstage.com/brookfieldcb/discover-your-brand-archetype

لطفا دوستانی که با کار کاروال آشنا هستن و قبلا پروژه مشابهی انجام دادند، پیشنهاد خود را ارسال کنند.
با تشکر.","۱,۵۰۰,۰۰۰ تومان","[""برنامه نویسی"",""برنامه نویسی وب"",""برنامه نویسی پایتون"",""دیتابیس"",""python"",""پایتون"",""database""]"
ساخت لوگو شرکت کیا,https://www.karlancer.com/projects/21437,۲۹ روز مانده,زمان پیشنهادی ۳ روز,پروژه,https://nazarkade.com/wp-content/uploads/shortlink_logos/karlancer-site-500x500.webp,طراحی لوگو شرکت (کیا ) از متقاضیانی که درخواست میدن برای قبول پروژه یک طرح به صورت پیش فرض  برای ما ارسال کنند .با بهترین طرح ارسالی به صورت مداوم کارهای طراحی انجام میدیم. شرکت ما در زمینه دیجیتال مارکتینگ فعالیت می کند,"۱۵۰,۰۰۰ تومان","[""لوگو"",""لوگوتایپ"",""طراحی لوگو"",""طراحی لوگو و لوگوتایپ"",""طراحی لوگو و کارت ویزیت"",""ساخت لوگو"",""فتوشاپ"",""ادوبی فتوشاپ"",""فتوشاپ کار"",""ادوبی ایلوستریتور""]"
ثبت محصولات بلبرینگ,https://www.karlancer.com/projects/21435,۲۹ روز مانده,زمان پیشنهادی ۵ روز,پروژه,https://nazarkade.com/wp-content/uploads/shortlink_logos/karlancer-site-500x500.webp,"سلام به شما فریلنسر عزیز

حدود 569 آیتم داریم که میخواهیم موارد زیر در اکسل ثبت شود

قطر داخلی قطر خارجی عرض و وزن کالا ( بدست آوردن موارد در فایل راهنما ذکر شده است )

نیازی به تخصص خاصی ندارید و فقط قراره موارد را به حالت ذکر شده سرچ کنید و در فایل اکسل درج کنید","۵۰۰,۰۰۰ تومان","[""اکسل ، ورد"",""وارد کردن اطلاعات"",""وارد کردن محتوا"",""دیتا اینتری"",""دیتا وارد کردن"",""اکسل"",""اکسل حرفه ای"",""excel""]"
زیباسازی سایت,https://www.karlancer.com/projects/21434,۲۹ روز مانده,زمان پیشنهادی ۷ روز,پروژه,https://nazarkade.com/wp-content/uploads/shortlink_logos/karlancer-site-500x500.webp,"با سلام
وقت بخیر
قصد دارم سایت https://khoshetala.ir از نظر ظاهر در قسمت بنر و فوتر کمی زیبا تر شود
البته می خواهم یک کادر هم برای شماره های تماس بالای فوتر قرار بگیرد
ممنون می شوم دوستانی که تخصص زیباسازی سایت دارند بررسی کنند و نظر دهند
سایت هم وردپرسی هست","۱۵۰,۰۰۰ تومان","[""طراحی سایت"",""طراحی سایت با وردپرس"",""طراحی سایت ورد پرسی"",""وردپرس"",""وردپرس کار"",""وردپرس wordpress"",""سایت وردپرسی"",""برنامه نویسی"",""برنامه نویسی وب""]"
نرم افزار تحت وب php,https://www.karlancer.com/projects/21433,۲۹ روز مانده,زمان پیشنهادی ۱۵ روز,پروژه,https://nazarkade.com/wp-content/uploads/shortlink_logos/karlancer-site-500x500.webp,"چهار نوع واکسن کرونا از چهار کشور مختلف خرداری شده و در انبار نگهداری میشود
شهروندان له ترتیب اولویت لازم است در دو نویت واکسن بزنند
شهروندتن در 4 اولویت تقسیم بندی شدهاند پس اتمام اولویت اول وارد اولیوت دوم میشوشم الا آخر.
بازه زمانی بین دوز اول تا دوز دوم 15 روز است
نرم افزار اول باید اطلاعات واکسن های دریافتی را دریافت کند . اطلاعات شهروندان و لولویت انها را مشخص کند 
علاوه بر این باید مشخص شود شهروند چه واکسنی زده و تاریخ دوز بعدی ان کی هست","۵۰۰,۰۰۰ تومان","[""asp.net"",""php"",""پی اچ پی"",""ای اس پی دات نت"",""asp.netcore"",""برنامه نویسی تحت وب"",""اپلیکیشن"",""اپلیکیشن نویسی"",""برنامه نویسی"",""برنامه نویسی وب""]"
طراحی لوگو,https://www.karlancer.com/projects/21431,۲۹ روز مانده,زمان پیشنهادی ۵ روز,پروژه,https://nazarkade.com/wp-content/uploads/shortlink_logos/karlancer-site-500x500.webp,"با سلام خدمت دوستان مجری
ما یک لوگوی تخصصی برای وب سایت در نظر داریم که هم معنی و مفهوم حیوانات خانگی مثل گربه و سگ را داشته باشه و هم مفهوم آموزش زبان انگیسی را در بر داشته باشه.

نام فارسی: میوپیشی
نام انگلیسی: mioopishi
شعار ما: میوپیشی برند دنیای حیوانات

نکته:
1- نمونه کار یا سابقه کار فریلنسرهای عزیز برای ما مهم نیست.
2- از فریلنسرهایی که می خواهند پیشنهاد طراحی بدهند تقاضا داریم قبل از استخدام، طرح اولیه لوگو خواسته شده را پیشنهاد و ارائه کنند تا طرح های رسیده بررسی شده و در صورت پسند طرح و نزدیک شدن طرح اولیه به خواسته و مفهوم مدنظر ما، فریلنسر استخدام برای انجام طرح اصلی و ارائه فایل اصلی و مادر شود. 
ممنون","۵۰۰,۰۰۰ تومان","[""طراحی گرافیک"",""طراحی لوگو"",""لوگو"",""ساخت لوگو"",""گرافیک"",""فتوشاپ"",""ادوبی فتوشاپ"",""فوتوشاپ"",""photoshop"",""ایلاستریتور""]"
پروژه کامپیوتری,https://www.karlancer.com/projects/21430,۲۹ روز مانده,زمان پیشنهادی ۱۰ روز,پروژه,https://nazarkade.com/wp-content/uploads/shortlink_logos/karlancer-site-500x500.webp,"با سلام و عرض ادب
به شخصی مسلط قوانین محتوارنویسی و مسلط بر امنیت اطلاعات سوشیال مدیا جهت تکمیل پروژه
در زمینه کامپیوتر(امنیت) را داریم.","۵۰۰,۰۰۰ تومان","[""محتوا نویسی"",""محتوای سایت"",""محتوا"",""محتوانویسی"",""نویسندگی محتوا"",""تولید محتوا"",""تحقیق""]"
طراحی uiسایت,https://www.karlancer.com/projects/21429,۲۹ روز مانده,زمان پیشنهادی ۳ روز,پروژه,https://nazarkade.com/wp-content/uploads/shortlink_logos/karlancer-site-500x500.webp,طراح ظاهر سایت با فتوشاپ یا xdکه موضوع سایت درباره کار با  بنیاد  سادات هست.,"۲,۰۰۰,۰۰۰ تومان","[""فتوشاپ"",""فوتوشاپ"",""ادوبی فتوشاپ"",""ادوبی xd"",""adobe xd"",""طراحی رابط کاربری"",""UI/UX طراحی"",""رابط کاربری"",""برنامه نویسی"",""برنامه نویسی وب""]"
تونل زنی کوانتومی,https://www.karlancer.com/projects/21426,۲۹ روز مانده,زمان پیشنهادی ۱۰ روز,پروژه,https://nazarkade.com/wp-content/uploads/shortlink_logos/karlancer-site-500x500.webp,"کد برای  تونل زنی کوانتومی نوشته شود. 
با پایتون یا سی پلاس پلاس نوشته شود. 
توضیحات چگونگی کارکردن برنامه به صورت کامنت یا فایل جداگانه نوشته شود.
فایل هایی جهت راهنمایی برای نوشتن برنامه پیوست میشود.","۵۰۰,۰۰۰ تومان","[""سی پلاس پلاس"",""برنامه نویسی پایتون"",""پایتون"",""python"",""c++"",""برنامه نویسی C++"",""برنامه نویسی"",""برنامه نویسی وب""]"
طراحی لوگو,https://www.karlancer.com/projects/21424,۲۹ روز مانده,زمان پیشنهادی ۳ روز,پروژه,https://nazarkade.com/wp-content/uploads/shortlink_logos/karlancer-site-500x500.webp,"درود
اینجانب نیازمند طراحی لوگوی مرتبط با کار چاپ بر روی تیشرت هستم
لوگو تمام انگلیسی میباشد.
سروران گرامی توجه داشته باشند لازم است قبل از ارائه قیمت و زمان یک، یا چند نمونه کار ارائه فرمایند.
نام مورد نظر:
Shirt Land USA
لزوما نیازی به استفاده از پرچم در این لوگو احساس نمیشود، ترجیحا یک لوگوی مفهومی و مناسب مورد نظر میباشد.
رنگهای مورد نظر: بیشتر رنگهای گرم وشاد که حس خوبی به مخاطب القاع کند مورد نظر میباشد.
توجه فرمایید که این لوگو بصورت استیکر دایکات، در بسته بندی قرار داده میشود به همراه تیشرت برای مشتری ارسال خواهد شد.
فایل نهایی با پسوند PSD  و یا AI بصورت 100% لایه باز و قابل تغییر به همراه فایل PNG لازم به ارائه میباشد.","۱۵۰,۰۰۰ تومان","[""لوگو"",""طراحی لوگو"",""ساخت لوگو"",""لوگوتایپ"",""فتوشاپ"",""فوتوشاپ"",""ادوبی فتوشاپ"",""photoshop"",""ایلاستریتور"",""گرافیک""]"
لیست آزمایشگاه ها,https://www.karlancer.com/projects/21423,۲۹ روز مانده,زمان پیشنهادی ۵ روز,پروژه,https://nazarkade.com/wp-content/uploads/shortlink_logos/karlancer-site-500x500.webp,"برای کیفیت مواد غذایی یک سری آزمایشها در تمام دنیا معمول است مانند حد مجاز سموم و حد مجاز فلزات سنگین

شما باید 5 آزمایشگاه معتبر در ایران پیدا کنید که این آزمایشات را انجام دهند 

مشخصات آزمایشگاه ها و شرایط احراز  :
1- دارای تاییدیه سازمان استاندارد ملی ایران باشند
2- لیست آزمایشات معمول سموم و فلزات سنگین مربوط به مواد غذایی را بداند
3- امکان تست آن را داشته باشند

راه های مناسب برای پیدا کردن آنها چیست ؟
1- تماس با اداره استاندارد ملی استانهای بزرگ و پرسش از آنها
2- سرچ اینترنتی


کاری که شما باید انجام دهید چیست ؟

1- پیدا کردن تعدادی آزمایشگاه با مشخصات فوق
2- تماس با انها و مطمئن شدن از بابت خدمات قابل ارائه آنها در زمینه فوق
3- لیست کردن 5 عدد از آنها که دارای  3 شرط فوق ( شرایط احراز ) باشند .
4 - اخذ قیمت و زمان مورد نیاز و میزان سمپل مورد نیاز توسط آنها و ثبت آنها در فایل","۵۰۰,۰۰۰ تومان","[""فوری"",""تمام وقت"",""دستیار و منشی مجازی"",""دستیار شخصی"",""دستیار"",""منشی و دستیار مجازی"",""دستیارمجازی"",""منشی مجازی"",""منشی"",""سوشال مارکتینگ"",""مارکتینگ."",""مارکتینگ پلن""]"
من نیاز به یک سایت فروشگاهی دارم,https://www.karlancer.com/projects/21422,۲۸ روز مانده,زمان پیشنهادی ۱۰ روز,پروژه,https://nazarkade.com/wp-content/uploads/shortlink_logos/karlancer-site-500x500.webp,"یک سایت با قالب آماده مناسب کسب و کار من است
 سایت مورد نیاز من حدودا بین ۱۵ الی ۲۰ صفحه دارد

عرض سلام و ادب خدمت شما
سایت موردنظر من فروشگاه آنلاین لوازم آرایشی ، بهداشتی و مراقبتی اوریفلیم می‌باشد
 سایت مورد نظر من به این سایت ها شباهت دارد:https://orifmarket.com
 احتیاج به بهینه سازی و سئوی وبسایتم دارم
 احتیاج به سیستم مدیریت محتوا برای سایتم دارم
 احتیاج به بلاگ برای سایتم دارم
 به دریافت ssl  برای سایتم نیاز دارم","۲,۵۰۰,۰۰۰ تومان","[""طراحی سایت"",""وردپرس"",""وردپرس کار"",""وردپرس wordpress"",""ورد پرس"",""طراحی سایت فروشگاهی"",""سایت وردپرسی"",""برنامه نویسی"",""برنامه نویسی وب"",""سئو و بهینه سازی""]"
سیستم حسابداری و مدیریت کاربران,https://www.karlancer.com/projects/21421,۲۸ روز مانده,زمان پیشنهادی ۶۰ روز,پروژه,https://nazarkade.com/wp-content/uploads/shortlink_logos/karlancer-site-500x500.webp,"برنامه نویسان عزیز:
ما نیاز داریم یک سیستم جامع برای صدور فاکتور و گزارش گیری از فاکتور ها داریم.

1- دو نوع فاکتور (نقدی - اقساطی) قابلیت درج محصول از دو روش 1- جستجو بر اساس نام (بر لحظه باشد) 2- جستجو بر اساس بارکد (برلحظه باشد)

2- ایجاد چند فروشگاه که هر فروشگاه دارای چندین فروشنده باشد. (هر فروشگاه باید فاکتور اختصاصی داشته باشد و فقط فاکتور های خودش رو بتونه ببینه پاک کند و گزارش گیری کند با سربرگ و فوتر اختصاصی به همراه کد یکتا)

3- ایجاد سیستم درخواست خرید اقساطی برای کاربران با قابلیت پیگیری درخواست ها (در این قسمت حدودا 20 فیلد باید از کاربر گرفته شود و دیتا حدودا  20000 ثبت نام قبلی باید درج شود)

4- قابلیت گزارش گیری از تمامی قسمت ها

5- برای قسمت خرید اقساطی باید سیستم چاپ چک (تاریخ شمسی - نام مشتری)  - محاسبه تاریخ چک - پیامک در موعد تاریخ چک

6- محاسبه پورسانت فروش هر فروشنده ( پورسانت هر محصول باتوجه به نوع کالا متفاوت خواهد بود مثلا لپ تاپ 10 درصد پورسانت و لوازم خانگی 5 درصد باشد و در این قسمت ثبت شود که باید محاسبه شود فروشنده چقدر در هر ماه فروش داشته و کارمزد یک ماه چقدر است.

7- ایجاد دیتابیس برای محصولات ( با قابلیت ویرایش و درج و جستجو)

8- ایجاد سیستم حسابداری برای تائید و یا رد فاکتور ها با قابلیت ویرایش همه فیلد ها

9- قسمت بررسی درخواست ها قابلیت رد و یا تایید درخواست ها به همراه درج یادداشت توسط اپراتور و ارسال پیامک دلخواه از این صفحه.

10- سیستم  گزارش گیری از تمامی قسمت ها - چک ها - مشتریان - فاکتور ها نقد و اقساط - فروشندگان - پیامک ها و ...

توی این درخواست سعی شده تمامی موارد اعلام شود.

تمامی قسمت ها باید کدنویسی شود و از کد اماده استفاده نشود.


قیمت درج شده در درخواست به صورت پیشفرض بوده و پیشنهاد خودتون را بفرمائید.","۱۰,۰۰۰,۰۰۰ تومان","[""برنامه نویسی"",""برنامه نویسی وب"",""سایت وردپرسی"",""طراحی سایت"",""سایت وردپرس"",""اپلیکیشن"",""اپلیکیشن نویسی"",""وردپرس"",""وردپرس wordpress"",""پایتون""]"
طراحی بنر تبلیغاتی,https://www.karlancer.com/projects/21420,۲۸ روز مانده,زمان پیشنهادی ۲ روز,پروژه,https://nazarkade.com/wp-content/uploads/shortlink_logos/karlancer-site-500x500.webp,"با سلام خدمت دوستان عزیز
برای طراحی های بنرهای  سایت و اپلیکیشن شرکتم، نیاز به یک طرح حرفه ای گرفیک دارم.
در ابتدا برای 15طرح اولیه صحبت میکنیم و در صورت کار را ادامه خواهیم داد.
نمونه طرحهای مورد نیاز به پیوست می باشد.","۲۰۰,۰۰۰ تومان","[""طراحی بنر سایت"",""طراحی بنر"",""بنر"",""پوستر و بنر"",""بنر تبلیغاتی"",""طراحی بنر تبلیغات"",""بنر متحرک"",""گرافیست"",""گرافیک"",""طراحی گرافیک""]"
تهیه تقریبا 1000 عکس با نام,https://www.karlancer.com/projects/21419,۲۸ روز مانده,زمان پیشنهادی ۱۰ روز,پروژه,https://nazarkade.com/wp-content/uploads/shortlink_logos/karlancer-site-500x500.webp,,,[]
شبیه سازی سیستم صف در یک فروشگاه زنجیره ای,https://www.karlancer.com/projects/21417,۲۸ روز مانده,زمان پیشنهادی ۵ روز,پروژه,https://nazarkade.com/wp-content/uploads/shortlink_logos/karlancer-site-500x500.webp,,,[]
اضافه کردن محصول به سایت وردپرس,https://www.karlancer.com/projects/21415,۲۸ روز مانده,زمان پیشنهادی ۱۴ روز,پروژه,https://nazarkade.com/wp-content/uploads/shortlink_logos/karlancer-site-500x500.webp,,,[]
طراحی نمای کرتین وال,https://www.karlancer.com/projects/21414,۲۸ روز مانده,زمان پیشنهادی ۱ روز,پروژه,https://nazarkade.com/wp-content/uploads/shortlink_logos/karlancer-site-500x500.webp,,,[]
دانلود ریپورت از سایت های مشخص شده,https://www.karlancer.com/projects/21413,۲۸ روز مانده,زمان پیشنهادی ۲ روز,پروژه,https://nazarkade.com/wp-content/uploads/shortlink_logos/karlancer-site-500x500.webp,,,[]
ربات ارسال دایرکت انبوه در اینستاگرام,https://www.karlancer.com/projects/21412,۲۸ روز مانده,زمان پیشنهادی ۲۰ روز,پروژه,https://nazarkade.com/wp-content/uploads/shortlink_logos/karlancer-site-500x500.webp,,,[]
بهینه سازی شبکه عصبی بازگشتی با  فرا ابتکاری رقابت استعماری,https://www.karlancer.com/projects/21409,۲۸ روز مانده,زمان پیشنهادی ۶ روز,پروژه,https://nazarkade.com/wp-content/uploads/shortlink_logos/karlancer-site-500x500.webp,,,[]
تحلیل انعکاس موضوعات فکری در آثار دو هنرمند معاصر,https://www.karlancer.com/projects/21407,۲۸ روز مانده,زمان پیشنهادی ۱۰ روز,پروژه,https://nazarkade.com/wp-content/uploads/shortlink_logos/karlancer-site-500x500.webp,,,[]
طراحی سایت شرکت گارانتی برای خدمات پس از فروش,https://www.karlancer.com/projects/21406,۲۸ روز مانده,زمان پیشنهادی ۱۵ روز,پروژه,https://nazarkade.com/wp-content/uploads/shortlink_logos/karlancer-site-500x500.webp,"با سلام
من برای شرکت گارانتی خود نیاز به وبسایتی دارم برای خدمات پس از فروش و ثبت و پیگیری گارانتی توسط فروشنده و خریدار
وب سایت گارانتی پانا و یا گارانتی اوات رو جهت نمونه مد نظر داشته باشید 
وب سایت به صورت ووردپرس باشد ترجیحا برپایه قالب اوادا
دامنه موجود است
هاست موجود است
سامانه پیامکی قاصدک موجود است
==========================================
ویژگی های مورد نیاز 
هدر شامل:
 لوگو 
 خدمات
محصولات
 اخبار
درباره ما
 ارتباط با ما
پیگیری وضعیت سرویس 
=========================================
صفحه اصلی شامل :
اسلایدر اعلانات
اسلایدر بنر اصلی
اسلایدر محصولات جدید 
کانتینر بررسی اصالت و زمان گارانتی کالا
اسلایدر مقالات
========================================
فوتر شامل :
تمامی اطلاعات استاندارد مورد نیاز در این قسمت 
========================================
سامانه های مورد نیاز در این وب سایت 
امکان تعریف نمایندگان جهت ثبت بارکد کالا و تعیین گارانتی کالا
امکان پیگیری وضعیت خدمات تعمیرات یا خدمات به صورت انلاین توسط مشتری
امکان پشتیبانی و چت انلاین 
امکان پیگیری اصالت کالا و تاریخ گارانتی به صورت پیامکی
امکان درج محصولات شرکت و دسته بندی و نمایش ان همراه با ویژگی ها در صفحه محصول
قسمت ثبت شکایات و بررسی
سوالات متداول
=======================================
مواردی که بسیار اهمیت دارد سامانه ثبت گارانتی و اصالت و پیگیری ان کاملا بدون نقص باشد کارایی و ویژگی های مناسب را در اختیار فروشنده و مشتری قرار دهد
ویژگی هایی همانند
امکان پیگیری گارانتی توسط فرم با شماره موبایل و کد گارانتی
قابلیت استعلام پیامکی با کد گارانتی و شماره موبایل 
قابلیت اتصال به محصولات ووکامرس
قابلیت خروجی گرفتن با اکسل
قابلیت نمایش اصالت کالا هم در فرم رهگیری هم از طریق پیامک  
قابلیت فعال سازی توسط کاربر
قابلیت بارگزاری با اکسل و درج به صورت دستی
قابلیت ارسال پیامک هنگام فعال سازی با افزونه پیامک ووکامرس فارسی 
نمایش جزییات گارانتی در پنل مدیریت سفارشات ادمین و کاربر
دارای نوار پیشرفت روز های باقیمانده در نمایش جزییات
قابلیت نمایش هر تعداد محصول گارانتی شده توسط جستجو با موبایل
دارای سرچ و جستجوی ایجکسی
شخصی سازی رنگ های قالب پیگیری
دارای کپچا 
دارای شورتکد اختصاصی برگه برای نمایش فرم در برگه مجزا
قابلیت جستجو و ویرایش کد های گارانتی برای مدیر
دارای تقویم شمسی جهت درج تاریخ ها توسط کاربر و مدیر","۵۰۰,۰۰۰ تومان","[""طراحی وب سایت"",""طراحی سایت"",""طراحی سایت شرکتی"",""سایت"",""سایت وردپرسی"",""وردپرس"",""برنامه نویسی"",""برنامه نویسی وب"",""سایت شرکتی"",""برنامه نویسی پایتون""]"
تولید محتوای هنری,https://www.karlancer.com/projects/21401,۲۸ روز مانده,زمان پیشنهادی ۷ روز,پروژه,https://nazarkade.com/wp-content/uploads/shortlink_logos/karlancer-site-500x500.webp,"يك متن تحقيقى در مورد هنر دارم براى دانشگاه هنر به زبان انگليسى 
٢/٥٠٠ كلمه
موضوع متن:
How are current political, ecological, economic or social contexts reflected in contemporary art practice? Discuss with reference to two contemporary artists of your choice","۵۰۰,۰۰۰ تومان","[""فوری"",""تولید محتوا"",""تولیدمحتوا"",""نویسندگی محتوا"",""نویسنده خلاق"",""محتوا نویسی"",""تولید محتوای انگلیسی"",""تولید محتوای متنی""]"
پلاگین پیامکی برای ووکامرس,https://www.karlancer.com/projects/21400,۲۸ روز مانده,زمان پیشنهادی ۱۰ روز,پروژه,https://nazarkade.com/wp-content/uploads/shortlink_logos/karlancer-site-500x500.webp,"پلاگینی در وردپرس با نام پیامک ووکامرس (persian woocommerce sms) وجود داره که پیامک های مرتبط با خریدهای مشتری ها از طریق اون فرستاده میشه.
حالا میخوام یه پلاگین جانبی درست بشه که با این پلاگین و خود ووکامرس ارتباط برقرار کنه و ویژگی های زیر رو داشته باشه:
در حالت عادی در پلاگین پیامک ووکامرس یه سیستم پیامکی و شماره خطی که با اون پیامک ها ارسال میشه، تعریف می کنیم. این سیستم میاد بر اساس وضعیت سفارشات، یه پیامک اختصاصی برای هر مشتری ارسال میکنه. مثل:
سلام {b_first_name} {b_last_name}
سفارش {order_id} هم اکنون در وضعیت در انتظار پرداخت می باشد.
آیتم های سفارش : {all_items}
مبلغ سفارش : {price}
شماره تراکنش : {transaction_id}

چون این پیامک ها با خط خدماتی فرستاده میشه، همه اون رو دریافت میکنن.
حالا می خوایم در پنل مدیریتی سایت بخش صفحات محصولات ووکامرسی، باکسی ایجاد بشه که بتونیم یه پیامک اختصاصی برای مشتری هایی که اون محصول رو تهیه کردن، ارسال کنیم؛ اما نکته مهم اینجاست که این پیامک ها یکباره ارسال نشه که حالت پیامک انبوه داشته باشه و سامانه پیامکی اون رو رد کنه. مثلا اگر 500 نفر اون محصول رو تهیه کردن، دقیقه ای دو یا سه پیامک با این شیوه و با استفاده از خط خدماتی برای مشتری ها ارسال بشه که طبیعتا 500 پیامک در بازه چند ساعته به مرور فرستاده بشه.
قابلیت استفاده از المانی شبیه نمونه زیر هم در این باکس وجود داشته باشه. مثل:
سلام {b_first_name} {b_last_name} لطفا صفحه محصول ... را چک کنین.
که این المان ها در اصل داخل خود پلاگین پیامک ووکامرس هست و دیتا مشتری های سایت مون هستش. 
این شکلی پیامک ها به صورت تک به تک و همین طور اختصاصی برای هر نفر فرستاده میشه و میشه از خط خدماتی پیش فرض پلاگین پیامک ووکامرس برای این کار استفاده کرد.","۱,۵۰۰,۰۰۰ تومان","[""وردپرس"",""ووکامرس"",""پلاگین نویسی وردپرس"",""برنامه نویسی"",""برنامه نویسی پایتون"",""وردپرس کار"",""ووکامرس woocommerce"",""پلاگین"",""برنامه نویس"",""سایت وردپرسی""]"
ربات تلگرام تیکت برای ارتباط با سایت ووکامرسی,https://www.karlancer.com/projects/21399,۲۸ روز مانده,زمان پیشنهادی ۳۰ روز,پروژه,https://nazarkade.com/wp-content/uploads/shortlink_logos/karlancer-site-500x500.webp,"سایتی وردپرسی که روی اون فروشگاه ساز ووکامرس فعال هست و دوره های آموزشی به صورت آنلاین در اون ارائه میشه، داریم که میخوایم پشتیبانی دوره های آموزشی رو برای افرادی که یکی از دوره ها رو تهیه کردن، از طریق آیدی یه ربات تلگرامی که ویژگی هاشو در ادامه میگم، انجام بدیم.

این ربات باید با سایت ما و دیتا مشتریان سایت همخوانی داشته باشه و اطلاعات سفارشات مشتری رو فراخوانی کنه. برای این موضوع کافی هست که ربات شماره موبایل شخصی که میخواد از طریق اون پیام بده رو همون اول وریفای کنه.

وقتی شماره موبایل وریفای شد، چند گزینه برای بحث پشتیبانی نمایش داده بشه. مثل پشتبانی دوره ها، سوالات پیش از خرید، بخش مالی و... که این گزینه ها رو بعدا کاملش رو بهتون میگم.

حالا اگر مشتری یک یا چند دوره در سایت تهیه کرده، وقتی به قسمت پشتیبانی دوره ها در ربات مراجعه میکنه، اطلاعات خریدهاش شامل نام دوره (ها) که گرفته و همین طور تاریخ خریدشون و شماره سفارسش مشخص بشه و این دیتا رو از سایت فراخوانی کنه.

در ادامه مشتری این امکان رو داشته باشه که پشتیبانی دوره آموزشی که از سایت تهیه کرده رو فعال کنه. به عنوان مثال ممکنه شخص در تاریخ 31 شهریور دوره را تهیه کرده باشه ولی الان بعد از گذشت سه ماه از زمان خرید، تازه بخواد از مدت زمان پشتیبانی دوره ش استفاده کنه.

بعد از زدن دکمه فعال سازی پشتیبانی دوره، که طبیعتا برای هر دوره با توجه به زمان خریدش باید این موضوع داخل ربات محاسبه بشه، دو ماه تایم پشتیبانی برای شخص لحاظ بشه. وقتی این دو ماه به اتمام رسید و شخص خواست مجدد برای پشتیبانی دوره ش اقدام کنه، پیامی بیاد که مدت زمان پیشتیبانیش تموم شده و اگه میخواد مدت پشتیبانی رو تمدید کنه، محصولی که لینکش داخل ربات براش فرستاده میشه رو از طریق سایت پرداخت کنه. طبیعتا بعد از پرداخت محصول در سایت، تایم پشتیبانی هم برای شخص تمدید بشه. فقط در مورد این قسمت دو تا نکته مهم رو هم اضافه کنم:

1: برای هر دوره آموزشی لینک محصول جداگانه ای برای تمدید پشتیبانی باید ارسال بشه

2: محصولات تمدید پشتیبانی با محصولات دوره آموزشی در سایت کاملا مجزا از هم هستن و به طور عمومی هم نمایش داده نمیشن.

مثلا اگه دوره ای به اسم ""آموزش سئو"" در سایت هست، نام محصول تمدید پشتیبانی آن ، ""تمدید پشتیبانی - آموزش سئو"" هست و ... که قیمت اونها هم با هم تفاوت داره و البته شخص فقط با لینکی که داخل ربات ارسال میشه، اون محصول رو میتونه ببینه.

اگر مشتری درخواست عودت وجه برای محصولی داشت اصولا به بخش مالی ربات مراجعه میکنه که در اون بخش هم باید دیتا خرید مشتری از سایت شامل نام دوره (ها) که گرفته و همین طور تاریخ خریدشون و شماره سفارسش مشخص بشه که پشتیبان بتونه بر اون اساس عودت وجه رو انجام بده و وقتی محصولی در سایت به شکل عودت شده سفارسش تغییر میکنه، طبیعتا داخل ربات هم نباید همچنان به عنوان یک محصول خریداری شده ، شناسایی بشه و شخص بتونه از پشتیبانی دوره استفاده کنه.

این دسترسی وجود داشته باشه که چند تا یوزر مختلف بتونن پیام های ربات رو مدیریت کنن و پیام های هر بخش برای یک یا چند یوزر از طریق ربات قابل مدیریت کردن باشه و نکته آخر هم اینکه اگر شخصی تاریخچه پیام های خودش با ربات رو پاک کرد، این پیام ها داخل ربات حذف نشه و آرشیو بمونه که بعدا بشه اونها رو پیگیری کرد.

*این قابلیت هم اضافه بشه که ربات به یه سامانه پیامکی متصل بشه و اگر پیامی از طریق پشتیبانی به مشتری داخل ربات فرستاده شد، از طریق سامانه پیامکی، یک پیامک به شماره موبایل مشتری فرستاده بشه تا از ارسال پاسخ پشتیبان مطلع بشه.(طبیعتا هزینه شارژ این سامانه پیامکی به عهده فریلنسر نمی باشد)","۵,۰۰۰,۰۰۰ تومان","[""فوری"",""پایتون"",""ربات تلگرام"",""php"",""وردپرس"",""ووکامرس woocommerce"",""برنامه نویسی وب"",""برنامه نویسی"",""برنامه نویسی پایتون"",""python"",""سایت وردپرسی""]"
طراحی لوگو دهکده گردشگری,https://www.karlancer.com/projects/21398,۲۸ روز مانده,زمان پیشنهادی ۱۰ روز,پروژه,https://nazarkade.com/wp-content/uploads/shortlink_logos/karlancer-site-500x500.webp,"طراحی حرفه ای لوگو با بریف مشخص برای یک دهکده گردشگری 
مدت زمان اتود اولیه یک هفته و پس از اعمال نظرات یک هفته دیگر تایم موجود است 
لطفا در صورتی که خود را طراحی حرفه ای میدانید درخواست ثبت و یا نمونه کارهای خود را ارسال کنید","۱۰,۰۰۰,۰۰۰ تومان","[""طراحی لوگو و لوگو تایپ"",""لوگو"",""گرافیست"",""لوگوتایپ"",""لوگو تایپ"",""طراحی لوگو"",""طراحی گرافیک"",""فتوشاپ"",""فوتوشاپ"",""photoshop""]"
تکمیل فرم های ثبت نام سایت ها به صورت خودکار,https://www.karlancer.com/projects/21395,۲۸ روز مانده,زمان پیشنهادی ۲۰ روز,پروژه,https://nazarkade.com/wp-content/uploads/shortlink_logos/karlancer-site-500x500.webp,"یه اپلیکشن که از قبل اطلاعاتی از قبیل نام و شماره شناسنامه و غیره رو وارد کنیم و پس از اجرا به سرعت در فیلد های مربود به خود در سایت مد نظر قرار بگیرد. 
شما فرض کنید که در یک سایت جهت عضویت یک فرم را باید تکمیل کرد. حال اگر ما این کد یا برنامه را اجرا کنیم اون اطلاعات در فرم مربوطه قرار بگیرد.","۵,۰۰۰,۰۰۰ تومان","[""برنامه نویسی"",""برنامه نویسی پایتون"",""برنامه نویسی وب"",""پایتون"",""برنامه نویس پایتون"",""python"",""اپلیکیشن اندروید"",""اپلیکیشن"",""اپلیکیشن نویسی"",""برنامه نویسی اپلیکیشن""]"
اجرای گرافیک آماده سایت روی فیگما,https://www.karlancer.com/projects/21394,۲۸ روز مانده,زمان پیشنهادی ۷ روز,پروژه,https://nazarkade.com/wp-content/uploads/shortlink_logos/karlancer-site-500x500.webp,اجرای گرافیک آماده سایت روی فیگما و ارائه خروجی برای تحویل به تیم کدنویسی,"۵,۰۰۰,۰۰۰ تومان","[""رابط کاربری"",""برنامه نویسی"",""برنامه نویسی وب"",""طراحی گرافیک"",""گرافیک سایت"",""UI/UX طراحی"",""ui"",""طراحی UI/UX"",""ux/ui design"",""طراحی رابط کاربری""]"
پروژه شبیه سازی با پایتون,https://www.karlancer.com/projects/21393,۲۸ روز مانده,زمان پیشنهادی ۱۰ روز,پروژه,https://nazarkade.com/wp-content/uploads/shortlink_logos/karlancer-site-500x500.webp,"پروژه شبیه سازی صف فروشگاهی با پایتون
مربوط به شبیه سازی کامپیوتری
مباحث صف ورود و خروج، مدت پاسخ دهی،مدت بیکاری و…","۵۰۰,۰۰۰ تومان","[""پایتون"",""برنامه نویسی"",""برنامه نویسی وب"",""برنامه نویسی پایتون"",""برنامه نویس پایتون"",""python"",""کد نویسی""]"
سئو و بهینه سازی سایت,https://www.karlancer.com/projects/21389,۲۸ روز مانده,زمان پیشنهادی ۶۰ روز,پروژه,https://nazarkade.com/wp-content/uploads/shortlink_logos/karlancer-site-500x500.webp,برای سایتمون به سئو کار حرفه ای و منظم نیاز داریم. زمان پاسخگویی شما به سوالاتمون خیلی برامون مهمه.,"۱,۵۰۰,۰۰۰ تومان","[""سئو و بهینه سازی"",""سئو سازی سایت"",""سئو"",""سئو و محتوانویسی"",""سئو وبسایت"",""seo"",""برنامه نویسی وب"",""دیجیتال مارکتینگ""]"
استخراج اطلاعات از وبسایت به صورت زنده و اتوماتیک,https://www.karlancer.com/projects/21388,۲۸ روز مانده,زمان پیشنهادی ۱۵ روز,پروژه,https://nazarkade.com/wp-content/uploads/shortlink_logos/karlancer-site-500x500.webp,"Web scraping
استخراج اطلاعات از یک سایت آگهی به صورت زنده و اتوماتیک با قابلیت دسته بندی اطلاعات بر اساس مولفه های متفاوت.","۱,۵۰۰,۰۰۰ تومان","[""web scraping"",""آنالیز اطلاعات"",""پایتون"",""برنامه نویسی"",""برنامه نویسی وب"",""برنامه نویسی پایتون"",""برنامه نویس پایتون"",""python""]"
متره براورد,https://www.karlancer.com/projects/21387,۲۸ روز مانده,زمان پیشنهادی ۳ روز,پروژه,https://nazarkade.com/wp-content/uploads/shortlink_logos/karlancer-site-500x500.webp,یک ساختمان مسکونی 3 طبقه کلیه هزینه فندانسون + دیوارچینی دور زمین با سنگ + آرماتور بندی فندانسیون + خاکبرداریها وحمل ونقل مصالح + ستون بندی ها همه با ابنیه 1400 حساب شود,"۲۰۰,۰۰۰ تومان","[""متره و برآورد"",""متره و برآورد پروژه های کوچک ساختمانی"",""متره و براورد"",""متره"",""متره و برآورد و اسناد مناقصه"",""معماری"",""عمران"",""مهندسی عمران""]"
پخش پرسشنامه,https://www.karlancer.com/projects/21385,۲۸ روز مانده,زمان پیشنهادی ۱۰ روز,پروژه,https://nazarkade.com/wp-content/uploads/shortlink_logos/karlancer-site-500x500.webp,باسلام. برای پخش پرسشنامه آنلاین نیازمند فردی متخصص در این زمینه هستم تا در سریعترین زمان اینکار را انجام دهد. جامعه آماری ساکنین مشهد و باید حداقل 200 نفر پرسشنامه را تکمیل نمایند.همه سوالات تستی است. لینک پرسشنامه به مجری مورد نظر داده خواهد شد.,"۵۰۰,۰۰۰ تومان","[""طراحی پرسشنامه"",""تحقیق"",""تحقیق و مقاله"",""پژوهش و تحقیق"",""تحقیق علمی"",""تحلیل آماری""]"
پروژه طراحی سامانه برای یک محل کار (پایگاه داده),https://www.karlancer.com/projects/21383,۲۸ روز مانده,زمان پیشنهادی ۱۰ روز,پروژه,https://nazarkade.com/wp-content/uploads/shortlink_logos/karlancer-site-500x500.webp,"پروژه پایگاه داده
نیاز دارم که طراحی یک سامانه با مراحل مختلف انجام شود.","۵۰۰,۰۰۰ تومان","[""پایگاه داده"",""sql"",""برنامه نویسی پایتون"",""برنامه نویسی"",""برنامه نویسی وب"",""پایتون"",""اس کیو ال"",""sqlserver"",""mysql"",""برنامه نویس پایتون""]"
محتوای متنی تخصصی در حوزه مدیکال مارکتینگ و مدیکال برندینگ,https://www.karlancer.com/projects/21382,۲۸ روز مانده,زمان پیشنهادی ۱ روز,پروژه,https://nazarkade.com/wp-content/uploads/shortlink_logos/karlancer-site-500x500.webp,حوزه فعالیت ما مدیکال مارکتینگ و مدیکال برندینگ هست. همکاری ادامه دار خواهد بود در صورتی که اولین کار مورد تایید قرار بگیره. لطفا دوستانی پیشنهاد بدن که به صورت تخصصی در حوزه مدیکال کار کردن و با دیجیتال مارکتینگ و دیجیتال برندینگ آشنا هستن. تولید محتوای متنی درباره مدیکال کار کردن و با دیجیتال مارکتینگ و دیجیتال برندینگ.,"۲۰۰,۰۰۰ تومان","[""تولید محتوا"",""تولید محتوای وبسایت"",""نویسندگی محتوا"",""تولیدمحتوا"",""سئو و محتوانویسی"",""محتوا نویسی"",""seo محتوا"",""محتوا""]"
برنامه نویسی شبکه عصبی بازگشتی با الگوریتم رقابت استعماری,https://www.karlancer.com/projects/21381,۲۹ روز مانده,زمان پیشنهادی ۶ روز,پروژه,https://nazarkade.com/wp-content/uploads/shortlink_logos/karlancer-site-500x500.webp,"مدل ریاضی شبکه بازگشتی را خودم نوشتم و از  صحت مدل اطمینان دارم چون در گمز جواب درست داده 
این مدل را نیاز دارم در پایتون یا متلب با الگوریتم فرا ابتکاری رقابت استعماری  بهینه شود
تا وزن و تابع هدف بهینه و تعداد نورون بهینه بدست اید","۶۰۰,۰۰۰ تومان","[""شبکه عصبی"",""الگوریتم بهینه سازی"",""پایتون"",""متلب"",""برنامه نویسی"",""برنامه نویسی وب"",""برنامه نویسی پایتون"",""متلب . مهندسی برق ."",""‌بهینه سازی"",""python""]"
تولید موشن گرافیک اپ,https://www.karlancer.com/projects/21380,۲۸ روز مانده,زمان پیشنهادی ۱۵ روز,پروژه,https://nazarkade.com/wp-content/uploads/shortlink_logos/karlancer-site-500x500.webp,"فریلنسر می بایست برای اپلیکیشن اندروید که در حال اماده سازی است مطابق با ویدئوی پیوست شده موشن گرافیک یا ویدئوی معرفی محصول تولید نماید.مدت زمان هم کمتر از یک دقیقه باشد و می توانید از ویدئوی نمونه ایده بگیرید.
در تولید ویدئو میبایست از عناصر جذاب و شکیل استفاده گردد و تاکید روی امن بودن داده ها و انلاین بودن همیشگی سرویس داشته باشید.
برای اگاهی از کلیه قابلیت های اپ که می توانید از انها در ویدئو استفاده نمایید پیام دهید 
ویدئوی تولید شده استفاده تجاری خواهد شد لذا نمیتوانید به عنوان نمونه کار استفاده کنید.
کلیه حقوق ویدئوی تولیدی متعلق به ما خواهد بود.","۳۰۰,۰۰۰ تومان","[""موشن گرافیک"",""موشن گرافی"",""موشن گرافیست"",""استوری موشن"",""ساخت لوگو موشن"",""افترافکت"",""ادوبی افتر افکت"",""پریمیر"",""پریمیر پرو"",""ادوبی پریمیر""]"
